filename,Response,Accuracy,Clarity,Relevance,Completeness,Provision of Sources,Usefulness
054.png,"Based on the provided sagittal CBCT image of the temporomandibular joint (TMJ), here is a structured radiological report following the Diagnostic Criteria for Temporomandibular Disorders (DC/TMD) guidelines.

**PATIENT ID:** [Not Provided]
**DATE OF STUDY:** [Not Provided]
**IMAGING MODALITY:** Cone Beam Computed Tomography (CBCT)
**REGION OF INTEREST:** Temporomandibular Joint (Sagittal View)

---

### **RADIOGRAPHIC FINDINGS**

**1. Condylar Morphology:**
*   **Shape:** The condylar head exhibits a distinct alteration in morphology. It has lost its smooth, convex contour.
*   **Cortical Integrity:** There is a focal discontinuity or irregularity on the anterior-superior aspect of the condylar head.
*   **Osteophyte Formation:** A prominent, beak-like bony projection (osteophyte) is visible on the anterior aspect of the condyle. This is a classic sign of marginal bone proliferation.
*   **Erosion:** There is evidence of cortical erosion (loss of continuity of the articular cortex) on the superior surface of the condyle.
*   **Sclerosis:** The subchondral bone appears relatively preserved, though there is mild thickening (sclerosis) adjacent to the area of erosion.

**2. Glenoid Fossa and Articular Eminence:**
*   The articular eminence appears relatively flattened but maintains cortical continuity.
*   The glenoid fossa shows no gross signs of sclerosis or erosion in this specific slice.

**3. Joint Space:**
*   The joint space appears somewhat narrowed superiorly, though assessment of joint space is limited without functional views (open/closed) or coronal cross-referencing.

**4. Incidental Findings:**
*   The mastoid air cells (visible posteriorly) appear clear and well-pneumatized.

---

### **DIAGNOSTIC IMPRESSION (Based on DC/TMD Criteria)**

**Primary Diagnosis:** **Degenerative Joint Disease (DJD)**

**Rationale:**
According to the DC/TMD Axis I diagnostic criteria for Degenerative Joint Disease, the diagnosis is confirmed by the presence of at least one of the following radiographic signs: subchondral cyst, erosion, generalized sclerosis, or osteophyte.

This image demonstrates two definitive features:
1.  **Osteophyte:** The anterior ""lipping"" or beak-like projection.
2.  **Erosion:** The irregularity and loss of cortex on the superior condylar surface.

**Secondary Observations:**
*   **Flattening:** While flattening is present, it is considered an indeterminate sign of DJD on its own; however, in conjunction with the osteophyte and erosion, it supports the diagnosis of active or past degenerative changes.

---

### **RECOMMENDATIONS**

1.  **Clinical Correlation:** Correlate radiographic findings with clinical symptoms (crepitus, pain, limited range of motion) to determine if the disease process is active or stable.
2.  **Comprehensive Review:** Evaluation of the full CBCT volume (including coronal and axial views) is recommended to assess the medial and lateral poles of the condyle, which are not visible in this single sagittal slice.
3.  **Follow-up:** Periodic radiographic monitoring may be indicated if clinical symptoms worsen to assess the progression of osseous changes.

**Reported by:**
[Your Name/AI Assistant]
Senior Oral and Maxillofacial Radiologist",3,3,3,3,,3
076.png,"Based on the provided sagittal CBCT image of the temporomandibular joint, here is a structured radiological report following the principles of the Diagnostic Criteria for Temporomandibular Disorders (DC/TMD).

***

**RADIOLOGICAL REPORT: TEMPOROMANDIBULAR JOINT (CBCT)**

**PATIENT ID:** [Not Provided]
**DATE OF STUDY:** [Not Provided]
**REGION OF INTEREST:** Temporomandibular Joint (Sagittal View)

**CLINICAL INDICATION:**
Evaluation of TMJ osseous structures for degenerative joint disease (DJD).

**IMAGING FINDINGS:**

**1. Condylar Head:**
*   **Morphology:** There is a significant alteration in the normal rounded contour of the condylar head.
*   **Osteophyte Formation:** A prominent, beak-like bony projection (osteophyte) is visible on the anterior aspect of the condylar head. This is a classic sign of active or previous joint remodeling and instability.
*   **Erosion:** There is evidence of cortical discontinuity and irregularity along the superior and anterior articular surfaces, suggestive of erosive changes.
*   **Sclerosis:** The subchondral bone appears thickened and radiopaque (sclerosis), particularly beneath the area of the osteophyte and the superior surface, indicating a reaction to increased loading.
*   **Flattening:** The superior aspect of the condyle exhibits flattening rather than a convex curvature.

**2. Glenoid Fossa and Articular Eminence:**
*   **Cortical Integrity:** The cortical boundary of the glenoid fossa and the posterior slope of the articular eminence appears relatively intact in this slice, though some mild flattening of the eminence is suspected.
*   **Sclerosis:** There is mild sclerosis noted along the articular eminence.

**3. Joint Space:**
*   The joint space appears reduced, particularly in the anterior and superior aspects, though assessment of joint space on a single static image without corrected sagittal reconstruction is limited.

**DIAGNOSTIC IMPRESSION (Based on DC/TMD Criteria):**

**Degenerative Joint Disease (DJD) / Osteoarthritis**
The imaging findings satisfy the DC/TMD imaging criteria for Degenerative Joint Disease based on the presence of the following osseous changes:
1.  **Osteophyte:** Presence of marginal bony proliferation (anterior beaking).
2.  **Erosion:** Loss of continuity of the articular cortex.
3.  **Sclerosis:** Increased radiodensity of the subchondral bone.

**SUMMARY:**
Severe degenerative changes of the mandibular condyle characterized by anterior osteophyte formation (""bird-beaking""), subchondral sclerosis, and cortical erosion. These findings are consistent with a diagnosis of **Degenerative Joint Disease (Osteoarthritis)**.

**RECOMMENDATIONS:**
*   Clinical correlation is required to assess for pain, crepitus, and range of motion limitations.
*   Comparison with the contralateral joint is recommended.
*   If acute symptoms are present, conservative management followed by re-evaluation is standard protocol.

***
*Electronically signed by:*
*Senior Oral and Maxillofacial Radiologist*",4,5,4,4,,4
10.png,"Based on the provided sagittal CBCT image, here is a structured radiological report following the principles of the Diagnostic Criteria for Temporomandibular Disorders (DC/TMD).

***

**PATIENT ID:** [Not Provided]
**DATE OF STUDY:** [Not Provided]
**IMAGING MODALITY:** Cone Beam Computed Tomography (CBCT) - Sagittal Reconstruction
**REGION OF INTEREST:** Temporomandibular Joint (TMJ)

### **RADIOGRAPHIC FINDINGS**

**1. Condylar Morphology:**
*   **Shape:** The condylar head exhibits a distinct alteration in morphology. It has lost its smooth, convex contour.
*   **Anterior Aspect:** There is a prominent, sharp bony projection on the anterior surface of the condyle, consistent with an **osteophyte**. This creates a ""bird-beak"" appearance.
*   **Superior Aspect:** The superior surface appears somewhat flattened rather than rounded.
*   **Cortical Integrity:** The cortical bone on the anterior slope appears thinned and irregular. There is evidence of **erosion** (loss of continuity of the articular cortex) on the anterior-superior aspect.

**2. Articular Fossa and Eminence:**
*   The articular eminence appears relatively intact with a normal slope.
*   The glenoid fossa shows no obvious signs of sclerosis or significant remodeling in this single slice.

**3. Joint Space:**
*   The joint space appears relatively preserved in the superior aspect but shows some narrowing anteriorly, likely secondary to the osteophytic change. (Note: Assessment of joint space is limited without coronal views and functional positioning).

**4. Subchondral Bone:**
*   There is a generalized alteration in the trabecular pattern within the condylar head, suggesting subchondral bone remodeling.

### **DIAGNOSTIC IMPRESSION (Based on DC/TMD Criteria)**

**Primary Diagnosis:** **Degenerative Joint Disease (DJD) / Osteoarthritis**

**Radiographic Evidence Supporting Diagnosis:**
According to the DC/TMD imaging criteria for Degenerative Joint Disease, a diagnosis is positive if at least one of the following is present: subchondral cyst, erosion, generalized sclerosis, or osteophyte.

This image demonstrates:
1.  **Osteophyte:** The distinct marginal bony outgrowth on the anterior condylar point.
2.  **Erosion:** The irregularity and loss of cortical continuity on the anterior-superior surface.
3.  **Flattening:** Loss of the convex contour of the condyle.

### **RECOMMENDATIONS**

1.  **Clinical Correlation:** Correlate findings with clinical symptoms (crepitus, pain, limited range of motion) to differentiate between active Osteoarthritis and stable Osteoarthrosis.
2.  **Comprehensive Review:** Evaluation of the full CBCT volume (axial and coronal views) is recommended to assess the medial-lateral extent of the degeneration and to rule out subchondral cysts or loose bodies not visible in this single slice.
3.  **Follow-up:** Periodic radiographic monitoring may be indicated if symptoms worsen or functional limitation increases.

***

**Reported by:**
[Your Name/AI Assistant]
Senior Oral and Maxillofacial Radiologist",4,5,5,4,,5
104.png,"Based on the provided sagittal CBCT image of the temporomandibular joint, here is a structured radiological report following the principles of the Diagnostic Criteria for Temporomandibular Disorders (DC/TMD).

***

**PATIENT ID:** [Not Provided]
**DATE OF STUDY:** [Not Provided]
**IMAGING MODALITY:** Cone Beam Computed Tomography (CBCT)
**REGION OF INTEREST:** Temporomandibular Joint (Sagittal View)

### **RADIOGRAPHIC FINDINGS**

**1. Condylar Morphology:**
*   **Shape:** The mandibular condyle exhibits a relatively normal convex superior contour. There is no evidence of flattening or gross deformity.
*   **Cortical Integrity:** The cortical bone outlining the condylar head appears intact and continuous. There are no signs of erosions (loss of continuity), osteophytes (marginal bony outgrowths), or subchondral cysts (Ely’s cysts).
*   **Trabecular Pattern:** The internal trabecular bone pattern appears normal with expected density. There is no evidence of generalized sclerosis.

**2. Glenoid Fossa and Articular Eminence:**
*   **Morphology:** The glenoid fossa is well-defined with a smooth cortical outline. The articular eminence demonstrates a normal slope and contour.
*   **Cortical Integrity:** The cortical lining of the temporal component is intact. There is no evidence of sclerosis or erosion along the articular eminence or the roof of the fossa.

**3. Joint Space:**
*   **Dimensions:** The joint space appears relatively uniform.
    *   **Superior Joint Space:** Maintained.
    *   **Anterior Joint Space:** Maintained.
    *   **Posterior Joint Space:** Maintained.
*   **Condylar Position:** The condyle appears centrally located within the glenoid fossa (concentric position). There is no significant anterior or posterior displacement visible in this static closed-mouth view.

**4. Surrounding Structures:**
*   The visible portion of the mastoid air cells (posterior to the joint) shows normal pneumatization.
*   The external auditory meatus appears patent.

### **DIAGNOSTIC IMPRESSION (Based on DC/TMD Criteria)**

**1. Degenerative Joint Disease (DJD):**
*   **Negative for DJD.**
*   *Rationale:* The DC/TMD criteria for Degenerative Joint Disease require the presence of subchondral cysts, erosions, generalized sclerosis, or osteophytes. None of these osseous changes are present in this image. The articular surfaces are smooth and intact.

**2. Condylar Position:**
*   **Normal Concentric Position.**
*   *Rationale:* The condyle is centered within the fossa with adequate joint space surrounding the head of the condyle.

### **CONCLUSION**

**Radiographically normal Temporomandibular Joint (osseous components).**

*   No radiographic evidence of Degenerative Joint Disease (DJD) or Osteoarthritis according to DC/TMD imaging criteria.
*   No evidence of osseous remodeling or pathology.

***

**Note:** *This report is based on the single sagittal slice provided. A complete evaluation for TMD requires clinical correlation, assessment of the contralateral joint, and review of the full CBCT volume (including coronal and axial views) to rule out pathologies not visible in this single plane.*",3,4,4,4,,3
15-1.png,"Based on the provided sagittal CBCT image, here is a structured radiological report following the principles of the Diagnostic Criteria for Temporomandibular Disorders (DC/TMD).

***

**PATIENT ID:** [Not Provided]
**DATE OF STUDY:** [Not Provided]
**IMAGING MODALITY:** Cone Beam Computed Tomography (CBCT) - Sagittal Reconstruction
**REGION OF INTEREST:** Temporomandibular Joint (TMJ)

### **RADIOGRAPHIC FINDINGS**

**1. Condylar Morphology:**
*   **Shape:** The mandibular condyle exhibits a distinct alteration in morphology. The superior surface is flattened rather than convex.
*   **Cortical Integrity:** There is a loss of continuity of the cortical bone on the anterior-superior aspect of the condylar head. An erosive defect (radiolucency within the cortex) is visible in this region.
*   **Subchondral Bone:** There is evidence of subchondral sclerosis (thickening of the bone) immediately adjacent to the erosive area and along the flattened superior surface.
*   **Osteophytes:** A small, beak-like bony projection (osteophyte) is noted on the anterior aspect of the condyle.

**2. Glenoid Fossa and Articular Eminence:**
*   The articular eminence appears relatively intact with normal cortical definition.
*   The glenoid fossa shows mild flattening but maintains cortical continuity. No gross sclerosis or erosion is immediately evident on this slice.

**3. Joint Space:**
*   The joint space appears reduced, particularly in the superior and anterior aspects, suggesting a narrowing of the functional space between the condyle and the fossa.

### **DIAGNOSTIC IMPRESSION (Based on DC/TMD Criteria)**

**Primary Diagnosis:** **Degenerative Joint Disease (DJD)**

**Rationale:**
According to the DC/TMD Axis I diagnostic criteria for Degenerative Joint Disease, the diagnosis is confirmed by the presence of CT imaging evidence of at least one of the following: subchondral cysts, erosion, generalized sclerosis, or osteophytes.

This image demonstrates multiple positive radiographic signs for DJD:
1.  **Erosion:** Loss of cortical continuity on the anterior-superior condylar head.
2.  **Osteophyte:** Anterior lipping/beaking of the condyle.
3.  **Sclerosis:** Increased radiopacity of the subchondral bone.
4.  **Flattening:** Loss of the normal convex contour of the condyle.

### **RECOMMENDATIONS**

1.  **Clinical Correlation:** Correlate these radiographic findings with clinical symptoms such as crepitus (grating/crunching sounds), joint pain, and limitation in range of motion.
2.  **Comprehensive Review:** Evaluation of the full CBCT volume (axial and coronal views) is recommended to assess the medial-lateral extent of the degenerative changes and to rule out subchondral cysts not visible on this single slice.
3.  **Management:** Conservative management is typically the first line of treatment, focusing on reducing joint loading and inflammation.

***

**Reported by:**
*Senior Expert, Oral and Maxillofacial Radiology*",4,4,5,4,,4
2.png,"Based on the provided sagittal CBCT image of the Temporomandibular Joint (TMJ), here is a structured radiological report following the principles of the Diagnostic Criteria for Temporomandibular Disorders (DC/TMD).

***

**PATIENT ID:** [Not Provided]
**DATE OF STUDY:** [Not Provided]
**IMAGING MODALITY:** Cone Beam Computed Tomography (CBCT)
**REGION OF INTEREST:** Temporomandibular Joint (Sagittal View)

### **RADIOGRAPHIC FINDINGS**

**1. Condylar Morphology:**
*   **Shape:** The mandibular condyle exhibits a significant alteration in morphology. It has lost its typical rounded or convex superior contour.
*   **Cortical Integrity:** There is a distinct discontinuity and irregularity of the cortical bone on the anterior-superior aspect of the condylar head.
*   **Osseous Changes:**
    *   **Osteophyte Formation:** A prominent, beak-like bony projection (osteophyte) is visible on the anterior aspect of the condyle. This ""lipping"" is a hallmark of degenerative change.
    *   **Flattening:** The superior surface of the condyle is flattened rather than convex.
    *   **Erosion:** There appears to be a loss of cortical continuity (erosion) on the superior-anterior surface, adjacent to the osteophyte.
    *   **Subchondral Bone:** The subchondral trabecular pattern appears somewhat sclerotic (dense) immediately beneath the superior cortical plate, though generalized sclerosis is mild.

**2. Glenoid Fossa and Articular Eminence:**
*   **Morphology:** The articular eminence appears relatively intact with a smooth cortical outline. The glenoid fossa maintains a concave shape.
*   **Cortical Integrity:** No obvious erosions, sclerosis, or osteophytes are noted on the temporal component (fossa/eminence) in this specific slice.

**3. Joint Space:**
*   **Dimensions:** The joint space appears reduced, particularly in the anterior and superior aspects, suggesting a loss of articular cartilage or disc displacement/thinning. The condyle is positioned somewhat anteriorly within the fossa, though true concentricity is difficult to determine without the full volume.

### **DIAGNOSTIC IMPRESSION (Based on DC/TMD Criteria)**

**Primary Diagnosis:** **Degenerative Joint Disease (DJD) / Osteoarthritis**

**Rationale according to DC/TMD Imaging Criteria:**
The diagnosis of Degenerative Joint Disease is confirmed by the presence of at least one of the following osseous changes on CT/CBCT:
1.  **Osteophyte:** Present (anterior lipping).
2.  **Erosion:** Present (cortical discontinuity).
3.  **Generalized Sclerosis:** Mildly present.
4.  **Subchondral Cyst:** Not clearly visualized in this single slice.

*Note: The flattening observed is also consistent with degenerative remodeling, although flattening alone is sometimes considered an adaptive change. However, the presence of the osteophyte and erosion elevates the diagnosis to active or sequela of degenerative joint disease.*

### **RECOMMENDATIONS**

1.  **Clinical Correlation:** Correlate findings with clinical symptoms such as crepitus (grating sound), joint pain, and limitation in range of motion.
2.  **MRI Evaluation (Optional):** If soft tissue evaluation is required to assess the status of the articular disc (e.g., perforation, non-reducing displacement) or joint effusion, MRI is the gold standard.
3.  **Management:** Conservative management is typically indicated initially, focusing on reducing joint loading and inflammation.

***

**Reported by:**
[Your Name/Signature]
Senior Oral and Maxillofacial Radiologist",5,4,5,4,,5
21-2.png,"Based on the provided sagittal CBCT image of the Temporomandibular Joint (TMJ), here is a structured radiological report following the principles of the Diagnostic Criteria for Temporomandibular Disorders (DC/TMD).

***

**PATIENT ID:** [Not Provided]
**DATE OF STUDY:** [Not Provided]
**IMAGING MODALITY:** Cone Beam Computed Tomography (CBCT)
**REGION OF INTEREST:** Temporomandibular Joint (Sagittal View)

### **RADIOGRAPHIC FINDINGS**

**1. Condylar Morphology:**
*   **Shape:** The mandibular condyle exhibits a loss of its normal smooth, convex contour.
*   **Cortical Integrity:** There is a distinct discontinuity and irregularity of the cortical bone on the superior and anterior surfaces.
*   **Erosive Changes:** A focal area of radiolucency consistent with **erosion** is visible on the superior aspect of the condylar head. The cortical boundary is breached, indicating active breakdown of the osseous surface.
*   **Sclerosis:** There is no significant evidence of generalized subchondral sclerosis (thickening of the cortical plate) surrounding the erosion, suggesting an active rather than a reparative phase.
*   **Osteophytes:** No clear osteophyte formation (marginal bony outgrowths) is noted on the anterior or posterior aspects in this specific slice.

**2. Articular Fossa and Eminence:**
*   The articular eminence appears relatively flattened but maintains cortical continuity.
*   The glenoid fossa shows normal trabecular pattern without evidence of sclerosis or erosion.

**3. Joint Space:**
*   The superior joint space appears somewhat preserved, though assessment is limited by the single slice.
*   The anterior joint space is slightly narrowed, potentially indicating an anterior positioning of the condyle within the fossa, though functional position cannot be confirmed without clinical correlation.

**4. Surrounding Structures:**
*   The mastoid air cells visible posteriorly appear clear and well-pneumatized.

### **DIAGNOSTIC IMPRESSION (Based on DC/TMD Criteria)**

**Primary Diagnosis:** **Degenerative Joint Disease (DJD)**

**Radiographic Evidence Supporting Diagnosis:**
According to the DC/TMD imaging criteria for Degenerative Joint Disease, the diagnosis is confirmed by the presence of at least one of the following: erosion, osteophyte, or generalized sclerosis.

*   **Positive Finding:** This scan demonstrates clear **erosion** of the superior condylar cortex. This represents a loss of continuity of the articular cortex and is a hallmark sign of the destructive phase of osteoarthritis.

### **RECOMMENDATIONS**

1.  **Clinical Correlation:** Correlate with clinical findings, specifically looking for crepitus (grating sound/sensation) during jaw movement, which is the clinical hallmark of DJD. Assess for pain or limitation in range of motion.
2.  **Management:** Conservative management is typically indicated initially (e.g., occlusal appliance therapy, physical therapy, anti-inflammatory medication) to reduce load and inflammation.
3.  **Follow-up:** A follow-up CBCT may be warranted in 6-12 months if symptoms persist or worsen, to assess for progression of osseous changes or stabilization (cortication of the erosion).

***

**Reported by:**
[Your Name/AI Assistant]
Senior Oral and Maxillofacial Radiologist",4,4,4,4,,4
24.png,"Based on the provided sagittal CBCT image, here is a structured radiological report following the principles of the Diagnostic Criteria for Temporomandibular Disorders (DC/TMD).

***

**RADIOLOGICAL REPORT: CONE BEAM COMPUTED TOMOGRAPHY (CBCT)**

**PATIENT ID:** [Not Provided]
**DATE OF STUDY:** [Not Provided]
**REGION OF INTEREST:** Temporomandibular Joint (Sagittal View)

**CLINICAL INDICATION:** Evaluation of TMJ osseous structures.

**RADIOGRAPHIC FINDINGS:**

**1. Condylar Morphology and Cortical Integrity:**
*   **Shape:** The mandibular condyle exhibits a significant alteration in morphology. It has lost its typical rounded or convex superior contour.
*   **Erosions:** There is a distinct discontinuity of the cortical bone on the superior and anterior aspects of the condylar head. The cortex appears breached, revealing the underlying trabecular bone. This is consistent with active or extensive erosive changes.
*   **Flattening:** There is marked flattening of the anterior slope of the condyle.
*   **Osteophytes:** A prominent osteophyte (bone spur) is visible at the anterior aspect of the condylar head, creating a ""beaked"" appearance. This represents marginal bony proliferation.
*   **Sclerosis:** There is evidence of subchondral sclerosis (thickening of the bone) beneath the eroded and flattened surfaces, indicating a reactive process to altered loading.

**2. Glenoid Fossa and Articular Eminence:**
*   The articular eminence appears relatively intact with normal cortical definition in this slice.
*   The glenoid fossa shows typical concavity, though the joint space appears somewhat narrowed superiorly, likely due to the superior migration of the condyle following the loss of vertical height from erosion.

**3. Joint Space:**
*   The superior joint space appears diminished. While soft tissue (disc) cannot be directly visualized on CBCT, the narrowing suggests potential disc displacement or thinning of the articular cartilage.

**4. Incidental Findings:**
*   The mastoid air cells (visible superior-posteriorly) appear clear and well-pneumatized in the visualized section.
*   The external auditory meatus is visible posterior to the condyle and appears patent.

**DIAGNOSTIC IMPRESSION (Based on DC/TMD Criteria):**

**Degenerative Joint Disease (DJD) / Osteoarthritis**
*   **Rationale:** The image displays the classic triad of radiographic signs required for a diagnosis of Degenerative Joint Disease according to DC/TMD imaging criteria:
    1.  **Erosion:** Discontinuity of the articular cortex.
    2.  **Osteophyte:** Marginal bony proliferation on the anterior surface.
    3.  **Subchondral Sclerosis/Flattening:** Remodeling of the underlying bone.

**CONCLUSION:**
Advanced degenerative changes of the mandibular condyle characterized by severe erosion, anterior osteophyte formation, and flattening. These findings are diagnostic for **Degenerative Joint Disease (Osteoarthritis)** of the Temporomandibular Joint.

**RECOMMENDATIONS:**
*   Clinical correlation is advised to assess for crepitus, pain, and limitation of movement.
*   Management should focus on symptom reduction and preservation of remaining function.
*   If symptoms persist despite conservative therapy, MRI may be indicated to evaluate the status and position of the articular disc.

***
*Electronically signed by:*
*Senior Oral and Maxillofacial Radiologist*",5,4,4,4,,4
26-1.png,"Based on the provided sagittal CBCT image of the Temporomandibular Joint (TMJ), here is a structured radiological report following the principles of the Diagnostic Criteria for Temporomandibular Disorders (DC/TMD).

***

# **CBCT RADIOLOGICAL REPORT: TEMPOROMANDIBULAR JOINT**

**PATIENT ID:** [Not Provided]
**DATE OF STUDY:** [Not Provided]
**REGION OF INTEREST:** Temporomandibular Joint (Sagittal View)

### **1. CLINICAL INDICATION**
*Evaluation of osseous TMJ morphology and pathology.*

### **2. RADIOGRAPHIC FINDINGS**

**A. Condylar Head:**
*   **Morphology:** The condylar head exhibits significant alteration from normal anatomy. There is a loss of the superior convex contour.
*   **Cortical Integrity:** The superior cortical boundary is irregular and discontinuous.
*   **Osseous Changes:**
    *   **Flattening:** There is distinct flattening of the superior and anterior aspect of the condyle.
    *   **Erosion:** Areas of cortical discontinuity suggestive of erosion are visible on the superior surface.
    *   **Osteophyte Formation:** A prominent, beak-like bony projection (osteophyte) is noted on the anterior aspect of the condylar head.
    *   **Sclerosis:** There is generalized subchondral sclerosis (increased radiopacity) within the condylar head, indicating reactive bone formation.

**B. Glenoid Fossa and Articular Eminence:**
*   **Morphology:** The articular eminence appears relatively flattened.
*   **Cortical Integrity:** The cortical bone of the fossa and eminence appears generally intact but shows signs of sclerosis.
*   **Joint Space:** The joint space appears narrowed, particularly in the superior and anterior aspects, though this is difficult to quantify precisely without coronal verification.

**C. Joint Relationship:**
*   The condyle appears to be positioned somewhat concentrically to slightly anteriorly within the fossa, though functional position cannot be determined from a single static image.

### **3. DIAGNOSTIC IMPRESSION (Based on DC/TMD Criteria)**

**Primary Diagnosis:** **Degenerative Joint Disease (DJD) / Osteoarthritis**

**Radiographic Evidence Supporting Diagnosis:**
According to the DC/TMD imaging criteria for Degenerative Joint Disease, the diagnosis is confirmed by the presence of at least one of the following: subchondral cyst, erosion, generalized sclerosis, or osteophyte.

This specific case demonstrates multiple positive criteria:
1.  **Osteophyte:** Anterior ""bird-beaking"" projection.
2.  **Erosion:** Loss of cortical continuity on the superior surface.
3.  **Flattening:** Loss of convex contour.
4.  **Sclerosis:** Increased density of the subchondral bone.

### **4. RECOMMENDATIONS**
*   Clinical correlation is essential to determine if the disease process is active (associated with current pain/crepitus) or stable.
*   Comparison with the contralateral joint is recommended.
*   Conservative management is typically the first line of treatment unless functional limitation is severe.

***

**Reported by:**
*Senior Oral and Maxillofacial Radiologist*",4,4,4,4,,5
38.png,"Based on the provided CBCT image, here is a structured radiological report following the Diagnostic Criteria for Temporomandibular Disorders (DC/TMD) guidelines.

**Patient ID:** [Not Provided]
**Date of Scan:** [Not Provided]
**Region of Interest:** Temporomandibular Joint (TMJ)
**View:** Sagittal/Coronal Cross-section (Cropped view of the condylar head)

---

### **RADIOLOGICAL FINDINGS**

**1. Condylar Morphology:**
*   **Shape:** The condylar head exhibits significant alteration from the normal rounded or convex morphology. There is a distinct flattening of the superior articular surface.
*   **Cortical Integrity:** The cortical bone on the superior aspect is irregular. There is evidence of cortical erosion, particularly on the anterior-superior aspect (left side of the condyle in this orientation).
*   **Osteophytes:** A prominent osteophyte (bone spur) is visible on the anterior aspect (left side of the condyle in the image), creating a ""lipping"" or ""beaking"" appearance.
*   **Subchondral Bone:** There are areas of sclerosis (increased radiopacity) within the subchondral bone, indicating reactive bone formation. Small radiolucent areas suggestive of subchondral cysts (Ely's cysts) are also noted within the condylar head.

**2. Articular Fossa and Eminence:**
*   *Note: The fossa is only partially visible in the superior portion of the crop.*
*   The visible portion of the articular fossa appears relatively flattened, though full evaluation is limited by the field of view.

**3. Joint Space:**
*   The superior joint space appears significantly narrowed, suggesting a loss of articular cartilage or disc displacement/perforation, though soft tissue (disc) cannot be directly visualized on CBCT.

---

### **DIAGNOSTIC IMPRESSION (Based on DC/TMD Criteria)**

**Primary Diagnosis:** **Degenerative Joint Disease (DJD) / Osteoarthritis**

**Rationale according to DC/TMD Imaging Criteria:**
The diagnosis of Degenerative Joint Disease is confirmed by the presence of at least one of the following radiographic signs, all of which are present in this image:
1.  **Osteophyte:** Presence of marginal bony proliferation (anterior lipping).
2.  **Erosion:** Loss of continuity of the articular cortex.
3.  **Sclerosis:** Increased density of the subchondral bone.
4.  **Subchondral Cyst:** Radiolucent areas within the subchondral bone.

**Secondary Observations:**
*   **Flattening:** While flattening alone is considered indeterminate for OA (often representing remodeling), in conjunction with the erosion and osteophytes seen here, it is part of the active degenerative process.

---

### **RECOMMENDATIONS**

1.  **Clinical Correlation:** Correlate findings with clinical symptoms such as crepitus (grating sounds), joint pain, and limitation of mouth opening.
2.  **Soft Tissue Imaging:** If internal derangement (disc displacement) needs to be fully characterized or if symptoms persist despite conservative therapy, an MRI is recommended to evaluate the position and morphology of the articular disc and the presence of joint effusion/marrow edema.
3.  **Management:** Conservative management is typically indicated initially, focusing on reducing joint loading and inflammation.

***

**Reported by:**
[Your Name/AI Assistant]
*Senior Expert, Oral and Maxillofacial Radiology*",4,5,4,4,,4
39.png,"Based on the provided sagittal CBCT image, here is a structured radiological report following the principles of the Diagnostic Criteria for Temporomandibular Disorders (DC/TMD).

***

**PATIENT ID:** [Not Provided]
**DATE OF STUDY:** [Not Provided]
**IMAGING MODALITY:** Cone Beam Computed Tomography (CBCT)
**REGION OF INTEREST:** Temporomandibular Joint (Sagittal View)

### **RADIOGRAPHIC FINDINGS**

**1. Condylar Morphology:**
*   **Shape:** The mandibular condyle exhibits a relatively normal convex morphology. There is no evidence of flattening, osteophyte formation, or significant erosion on the superior or anterior surfaces.
*   **Cortical Integrity:** The cortical outline of the condyle appears intact and continuous. There is no distinct subchondral sclerosis or subchondral cyst formation visible in this slice.
*   **Trabecular Pattern:** The internal trabecular bone pattern appears within normal limits.

**2. Glenoid Fossa and Articular Eminence:**
*   **Morphology:** The glenoid fossa is well-defined with a smooth cortical outline. The articular eminence shows a normal slope without evidence of flattening or sclerosis.
*   **Pneumatization:** The temporal bone superior to the fossa shows normal trabeculation.

**3. Joint Space:**
*   **Superior Joint Space:** Appears uniform and preserved.
*   **Anterior/Posterior Joint Space:** The condyle appears centrally located within the fossa (concentric position), though a full assessment of condylar position requires clinical correlation with occlusion. There is no significant narrowing suggestive of joint loading or posterior displacement in this static view.

**4. Incidental Findings:**
*   **External Auditory Meatus:** The anterior wall of the external auditory meatus is visible posterior to the condyle and appears intact.
*   **Mastoid Air Cells:** Partially visible posterior to the joint, appearing clear.

### **DIAGNOSTIC IMPRESSION (Based on DC/TMD Imaging Criteria)**

**Right/Left TMJ (Side to be confirmed clinically):**

*   **Negative for Degenerative Joint Disease (DJD):** This image does not satisfy the DC/TMD imaging criteria for Degenerative Joint Disease. There is an absence of subchondral cysts, erosions, generalized sclerosis, or osteophytes.
*   **Normal Osseous Morphology:** The osseous components of the temporomandibular joint appear structurally normal in this sagittal section.

### **RECOMMENDATIONS**

1.  **Clinical Correlation:** Correlate these radiographic findings with the patient's clinical signs and symptoms (pain, range of motion, joint sounds).
2.  **Soft Tissue Assessment:** As CBCT is limited to hard tissue visualization, if internal derangement (disc displacement) is suspected based on clinical exam, Magnetic Resonance Imaging (MRI) is the gold standard for evaluation of the articular disc and soft tissues.

***

**Reported by:**
Senior Oral and Maxillofacial Radiologist",2,3,3,3,,2
40.png,"Based on the provided sagittal CBCT image of the temporomandibular joint, here is a structured radiological report following the principles of the Diagnostic Criteria for Temporomandibular Disorders (DC/TMD).

***

**PATIENT ID:** [Not Provided]
**DATE OF STUDY:** [Not Provided]
**IMAGING MODALITY:** Cone Beam Computed Tomography (CBCT) - Sagittal Reconstruction
**AREA OF INTEREST:** Temporomandibular Joint (TMJ)

### **RADIOGRAPHIC FINDINGS**

**1. Condylar Morphology & Cortical Integrity:**
*   **Shape:** The mandibular condyle exhibits a loss of its normal rounded convex contour. There is distinct flattening of the anterior aspect of the condylar head.
*   **Cortical Bone:** The cortical outline is irregular. There is a focal discontinuity or erosion visible on the superior-anterior surface of the condyle.
*   **Subchondral Bone:** There is evidence of subchondral sclerosis (thickening of the bone) beneath the flattened anterior surface. A small, well-defined radiolucency suggestive of a subchondral cyst (Ely’s cyst) is noted just beneath the superior cortical plate.
*   **Osteophytes:** A small, beak-like bony projection (osteophyte) is forming at the anterior aspect of the condyle.

**2. Articular Fossa and Eminence:**
*   The articular eminence appears relatively flattened, though cortical integrity seems largely maintained in this slice.
*   The glenoid fossa shows mild sclerosis but no gross erosive changes in this view.

**3. Joint Space:**
*   There is a generalized reduction in the superior and anterior joint space, suggesting a loss of articular cartilage or disc displacement/thinning.

### **DIAGNOSTIC IMPRESSION (Based on DC/TMD Criteria)**

**Primary Diagnosis: Degenerative Joint Disease (DJD) / Osteoarthritis**

**Rationale according to DC/TMD Axis I (Physical Diagnosis):**
The diagnosis of Degenerative Joint Disease is confirmed by the presence of the following radiographic signs observed in the CBCT image:
1.  **Subchondral Cyst:** Presence of a radiolucent cavity within the subchondral bone.
2.  **Erosion:** Loss of continuity of the articular cortex.
3.  **Osteophyte:** Marginal bony proliferation at the anterior condylar head.
4.  **Sclerosis:** Increased radiopacity of the subchondral bone.

*Note: According to DC/TMD, a diagnosis of DJD requires the presence of either subchondral cyst, erosion, generalized sclerosis, or osteophyte. This scan exhibits multiple confirmatory features.*

### **RECOMMENDATIONS**

1.  **Clinical Correlation:** Correlate findings with clinical symptoms such as crepitus (grating sound), joint pain, and limitation of mouth opening.
2.  **Soft Tissue Imaging:** If internal derangement (disc displacement) is suspected as the etiology for the degenerative changes and clinical symptoms persist despite conservative therapy, MRI may be indicated to evaluate the position and morphology of the articular disc.
3.  **Management:** Conservative management is typically the first line of treatment, including occlusal appliance therapy, physical therapy, and pharmacologic management for inflammation.

***

**Reported by:**
[Your Name/Signature]
Senior Oral and Maxillofacial Radiologist",5,4,4,5,,4
41.png,"Based on the provided sagittal CBCT image of the temporomandibular joint, here is a structured radiological report following the principles of the Diagnostic Criteria for Temporomandibular Disorders (DC/TMD).

***

**PATIENT ID:** [Not Provided]
**DATE OF STUDY:** [Not Provided]
**IMAGING MODALITY:** Cone Beam Computed Tomography (CBCT)
**REGION OF INTEREST:** Temporomandibular Joint (Sagittal View)

### **RADIOGRAPHIC FINDINGS**

**1. Condylar Morphology:**
*   **Shape:** The condylar head exhibits a distinct alteration in morphology. It has lost its normal convex, rounded superior contour.
*   **Cortical Integrity:** There is a clear discontinuity and irregularity of the cortical bone on the anterior aspect of the condyle.
*   **Osteophyte Formation:** A prominent, beak-like bony projection (osteophyte) is noted on the anterior surface of the condylar head. This is a classic sign of marginal bone proliferation.
*   **Erosive Changes:** There is evidence of surface erosion, particularly on the superior-anterior aspect, where the cortical boundary is ill-defined.
*   **Subchondral Bone:** The subchondral bone appears somewhat sclerotic (thickened) beneath the superior articular surface, indicating a reaction to increased loading.

**2. Glenoid Fossa and Articular Eminence:**
*   The articular eminence appears relatively intact with normal cortical definition in this slice.
*   The glenoid fossa shows no obvious signs of sclerosis or erosion in this specific view.

**3. Joint Space:**
*   The superior joint space appears somewhat preserved but may be slightly narrowed anteriorly due to the osteophytic lipping.
*   The posterior joint space appears within normal limits in this static view.

**4. Functional Position:**
*   The condyle appears to be in a closed-mouth position, seated within the glenoid fossa.

### **DIAGNOSTIC IMPRESSION (Based on DC/TMD Criteria)**

**Primary Diagnosis:** **Degenerative Joint Disease (DJD) / Osteoarthritis**

**Rationale:**
According to the DC/TMD Axis I diagnostic criteria for Degenerative Joint Disease, the diagnosis is confirmed by the presence of CT imaging evidence of at least one of the following: subchondral cyst, erosion, generalized sclerosis, or osteophyte.

This image specifically demonstrates:
1.  **Osteophyte:** The anterior ""beaking"" or lipping is a definitive sign of active or remodeling degenerative change.
2.  **Erosion:** The loss of cortical continuity on the anterior-superior slope.
3.  **Flattening:** The superior surface of the condyle is flattened rather than convex.

### **RECOMMENDATIONS**

1.  **Clinical Correlation:** Correlate findings with clinical symptoms such as crepitus (grating/crunching sounds), joint pain, and limitation in range of motion.
2.  **Management:** Conservative management is typically the first line of defense (occlusal splint therapy, physical therapy, anti-inflammatory medication) unless symptoms are severe.
3.  **Follow-up:** Periodic radiographic monitoring may be indicated if symptoms worsen to assess the progression of the osseous changes.

***

**Reported by:**
*Senior Expert, Oral and Maxillofacial Radiology*",5,4,4,5,,4
43.png,"Based on the provided sagittal CBCT image of the temporomandibular joint (TMJ), here is a structured radiological report following the principles of the Diagnostic Criteria for Temporomandibular Disorders (DC/TMD).

***

**PATIENT ID:** [Not Provided]
**DATE OF STUDY:** [Not Provided]
**IMAGING MODALITY:** Cone Beam Computed Tomography (CBCT)
**REGION OF INTEREST:** Temporomandibular Joint (Sagittal View)

### **RADIOGRAPHIC FINDINGS**

**1. Condylar Morphology:**
*   **Shape:** The mandibular condyle exhibits a significant alteration in morphology. It has lost its typical rounded or convex superior contour.
*   **Cortical Integrity:** There is a distinct loss of cortical continuity on the anterior-superior aspect of the condylar head.
*   **Osseous Changes:**
    *   **Flattening:** There is pronounced flattening of the anterior slope of the condyle.
    *   **Osteophyte Formation:** A prominent, beak-like osteophyte (bone spur) is visible projecting anteriorly from the condylar head. This is a classic ""bird-beak"" appearance.
    *   **Erosion:** The superior cortical boundary appears irregular, suggestive of active or past erosive changes.
    *   **Sclerosis:** There is generalized subchondral sclerosis (thickening of the bone) evident within the condylar head, appearing as increased radiopacity beneath the cortical surface.

**2. Glenoid Fossa and Articular Eminence:**
*   **Morphology:** The articular eminence appears relatively flattened.
*   **Cortical Integrity:** The cortical bone of the fossa and eminence appears generally intact, though some mild sclerosis is noted along the posterior slope of the eminence.
*   **Joint Space:** The joint space appears significantly narrowed, particularly in the anterior and superior aspects, suggesting a loss of articular disc thickness or disc displacement (though soft tissue is not directly visualized on CBCT).

**3. Condylar Position:**
*   The condyle appears to be positioned somewhat concentrically to slightly posteriorly within the fossa, though the altered morphology makes precise positional assessment difficult.

### **DIAGNOSTIC IMPRESSION (Based on DC/TMD Criteria)**

**Primary Diagnosis:** **Degenerative Joint Disease (DJD) / Osteoarthritis**

**Radiographic Evidence Supporting Diagnosis:**
According to the DC/TMD Axis I criteria for Degenerative Joint Disease, the diagnosis is confirmed by the presence of at least one of the following osseous changes on CT/CBCT:
1.  **Subchondral cyst:** (Not clearly visualized in this single slice).
2.  **Erosion:** Present on the superior aspect.
3.  **Generalized Sclerosis:** Present.
4.  **Osteophyte:** Clearly present (anterior beaking).

**Secondary Observations:**
*   **Flattening:** While flattening alone is considered indeterminate for DJD, in conjunction with the osteophyte and sclerosis, it supports the diagnosis of advanced degenerative change.

### **RECOMMENDATIONS**

1.  **Clinical Correlation:** Correlate findings with clinical symptoms such as crepitus (grating sounds), joint pain, and limitation in range of motion.
2.  **Soft Tissue Imaging:** If internal derangement (disc displacement) needs to be confirmed or if symptoms are acute and unresponsive to conservative therapy, MRI is the gold standard for visualizing the articular disc and joint effusion.
3.  **Management:** Conservative management is typically indicated initially, focusing on reducing joint loading, pharmacotherapy (NSAIDs), and physical therapy.

***

**Reported by:**
Senior Oral and Maxillofacial Radiologist",5,4,4,4,,4
5.png,"Based on the provided sagittal CBCT image, here is a structured radiological report following the principles of the Diagnostic Criteria for Temporomandibular Disorders (DC/TMD).

***

**PATIENT ID:** [Not Provided]
**DATE OF STUDY:** [Not Provided]
**IMAGING MODALITY:** Cone Beam Computed Tomography (CBCT)
**REGION OF INTEREST:** Temporomandibular Joint (Sagittal View)

### **RADIOGRAPHIC FINDINGS**

**1. Condylar Morphology:**
*   **Shape:** The mandibular condyle exhibits a significant alteration in normal morphology. It does not display the typical rounded or convex superior contour.
*   **Cortical Integrity:** There is a distinct loss of cortical continuity on the anterior aspect of the condylar head.
*   **Osseous Changes:**
    *   **Osteophyte Formation:** A prominent, beak-like bony projection (osteophyte) is visible on the anterior surface of the condyle. This is a hallmark sign of active or past degenerative remodeling to increase surface area for load distribution.
    *   **Flattening:** There is marked flattening of the superior and anterior surfaces of the condyle.
    *   **Erosions:** While the anterior osteophyte is the dominant feature, the cortical boundary appears irregular, suggesting erosive changes are likely present alongside the proliferative changes.
    *   **Sclerosis:** There is evidence of subchondral sclerosis (thickening of the bone) beneath the flattened superior surface, indicating a reaction to increased loading.

**2. Glenoid Fossa and Articular Eminence:**
*   **Morphology:** The articular eminence appears relatively intact with a normal slope.
*   **Cortical Integrity:** The cortical bone of the fossa and eminence appears continuous without obvious gross erosions or sclerosis in this specific slice.
*   **Joint Space:** The superior joint space appears somewhat preserved, though potentially narrowed anteriorly due to the osteophytic lipping. (Note: Joint space assessment is limited without coronal views and clinical correlation regarding occlusion).

**3. Functional Relationship (Static Assessment):**
*   The condyle appears to be positioned somewhat concentrically to slightly posteriorly within the fossa, though true concentricity is difficult to determine without the full volume.

### **DIAGNOSTIC IMPRESSION (Based on DC/TMD Criteria)**

**Primary Diagnosis:** **Degenerative Joint Disease (DJD) / Osteoarthritis**

**Rationale according to DC/TMD Imaging Criteria:**
The diagnosis of Degenerative Joint Disease is confirmed by the presence of at least one of the following osseous changes on CT/CBCT:
1.  **Subchondral cyst:** (Not clearly visualized in this single slice).
2.  **Erosion:** (Present/suggested by cortical irregularity).
3.  **Generalized Sclerosis:** (Present).
4.  **Osteophyte:** (Clearly present on the anterior aspect).

*Note: The presence of flattening alone is considered indeterminate for DJD; however, the clear presence of the anterior osteophyte and sclerosis elevates this to a definitive radiographic diagnosis of DJD.*

### **RECOMMENDATIONS**

1.  **Clinical Correlation:** Correlate findings with clinical symptoms (crepitus, pain, limited range of motion) to determine if this is active osteoarthritis or a stable, adapted joint (osteoarthrosis).
2.  **Soft Tissue Imaging:** If internal derangement (disc displacement) is suspected as the etiology for these degenerative changes and conservative management fails, MRI may be indicated to evaluate disc position and morphology.
3.  **Management:** Conservative management is typically indicated initially, focusing on unloading the joint, reducing inflammation, and maintaining range of motion.

***

**Reported by:**
[Your Name/AI Assistant]
Senior Oral and Maxillofacial Radiology Consultant",4,4,4,5,,4
51.png,"Based on the provided sagittal CBCT image of the Temporomandibular Joint (TMJ), here is a structured radiological report following the principles of the Diagnostic Criteria for Temporomandibular Disorders (DC/TMD).

***

**PATIENT ID:** [Not Provided]
**DATE OF STUDY:** [Not Provided]
**IMAGING MODALITY:** Cone Beam Computed Tomography (CBCT)
**REGION OF INTEREST:** Temporomandibular Joint (Sagittal View)

### **RADIOGRAPHIC FINDINGS**

**1. Condylar Morphology:**
*   **Shape:** The condylar head exhibits significant alteration from the normal convex/rounded morphology. There is distinct flattening of the anterior aspect of the condyle.
*   **Cortical Integrity:** The cortical bone on the superior and anterior surface appears irregular. There is evidence of **erosion**, characterized by a loss of continuity in the cortical plate on the superior-anterior aspect.
*   **Subchondral Bone:** There is visible **sclerosis** (increased radiopacity) within the subchondral bone immediately beneath the articulating surface, indicating reactive bone formation.
*   **Osteophytes:** A distinct bony projection (**osteophyte**) is noted at the anterior aspect of the condylar head, creating a ""beaked"" or ""lipped"" appearance.

**2. Glenoid Fossa and Articular Eminence:**
*   The articular eminence appears relatively flattened, though cortical integrity seems largely maintained in this specific slice.
*   The glenoid fossa shows mild sclerosis but no gross erosive changes are immediately evident in this single view.

**3. Joint Space:**
*   There is a generalized reduction in the superior and anterior joint space, suggesting a loss of articular cartilage or disc displacement (though soft tissue disc position cannot be confirmed on CBCT).

### **DIAGNOSTIC IMPRESSION (Based on DC/TMD Criteria)**

**Primary Diagnosis:** **Degenerative Joint Disease (DJD) / Osteoarthritis**

**Rationale according to DC/TMD Imaging Criteria:**
The diagnosis of Degenerative Joint Disease is confirmed by the presence of at least one of the following osseous changes on CT/CBCT:
1.  **Subchondral cyst:** (Not clearly visualized in this slice).
2.  **Erosion:** Present on the superior-anterior condylar surface.
3.  **Generalized Sclerosis:** Present in the subchondral bone.
4.  **Osteophyte:** Present on the anterior condylar head.

*Note: While flattening is present, flattening alone is considered an indeterminate finding for DJD; however, when combined with erosion and osteophyte formation as seen here, it supports the diagnosis of active or sequela of degenerative joint disease.*

### **RECOMMENDATIONS**

1.  **Clinical Correlation:** Correlate findings with clinical symptoms such as crepitus (grating/grinding sounds), joint pain, and limitation in range of motion.
2.  **MRI Evaluation (Optional):** If there is a need to evaluate the position and morphology of the articular disc or the presence of joint effusion/marrow edema (to assess acute inflammation), an MRI would be the gold standard adjunctive modality.
3.  **Management:** Conservative management is typically indicated initially, focusing on unloading the joint, anti-inflammatory protocols, and occlusal stabilization if clinically indicated.

***

**Reported by:**
[Your Name/AI Assistant]
Senior Oral and Maxillofacial Radiology Consultant",5,4,5,4,,4
6.png,"Based on the provided CBCT image, here is a structured radiological report following the principles of the Diagnostic Criteria for Temporomandibular Disorders (DC/TMD).

**Patient ID:** [Not Provided]
**Date of Scan:** [Not Provided]
**Region of Interest:** Temporomandibular Joint (TMJ)
**View:** Sagittal Section (Cropped)

---

### **RADIOLOGICAL FINDINGS**

**1. Condylar Morphology:**
*   **Shape:** The mandibular condyle exhibits a significant alteration in morphology. It has lost its typical rounded or convex superior contour.
*   **Cortical Integrity:** There is a distinct loss of cortical continuity on the anterior-superior aspect of the condylar head.
*   **Osseous Changes:**
    *   **Flattening:** There is pronounced flattening of the anterior slope of the condyle.
    *   **Erosion:** A focal area of radiolucency consistent with erosion is visible on the superior/anterior surface, indicating active breakdown of the cortical bone.
    *   **Osteophyte Formation:** A ""bird-beak"" like projection (osteophyte) is noted at the anterior aspect of the condyle, suggestive of marginal bone proliferation.
    *   **Sclerosis:** There is generalized subchondral sclerosis (increased radiopacity) within the condylar head, indicating bone remodeling in response to stress.

**2. Articular Fossa and Eminence:**
*   **Morphology:** The articular eminence appears relatively flattened.
*   **Cortical Integrity:** The cortical bone of the fossa and eminence appears generally intact, though somewhat sclerotic.
*   **Joint Space:** The superior joint space appears diminished, suggesting a reduction in the vertical dimension of the joint compartment, likely due to the loss of condylar height and potential disc displacement (though the disc itself is not visible on CBCT).

**3. Incidental Findings:**
*   The trabecular pattern within the condylar neck appears somewhat coarse but within normal limits for degenerative changes.

---

### **DIAGNOSTIC IMPRESSION (Based on DC/TMD Criteria)**

**Primary Diagnosis:** **Degenerative Joint Disease (DJD) / Osteoarthritis**

**Rationale:**
According to the DC/TMD Axis I diagnostic criteria for Degenerative Joint Disease, the diagnosis is confirmed by the presence of CT/CBCT evidence of osseous changes. This image demonstrates all three hallmark radiographic signs of DJD:
1.  **Subchondral Cyst/Erosion:** Present (break in the cortex).
2.  **Osteophyte:** Present (anterior lipping).
3.  **Generalized Sclerosis/Flattening:** Present.

**Secondary Observations:**
*   The flattening and osteophyte formation suggest a chronic, adaptive phase, while the erosion suggests an active component of the degenerative process.

---

### **RECOMMENDATIONS**

1.  **Clinical Correlation:** Correlate findings with clinical symptoms such as crepitus (grating sound), joint pain, and limitation in range of motion.
2.  **MRI Evaluation (Optional):** If there is significant pain or locking not explained by the bony changes alone, an MRI may be indicated to evaluate the position and morphology of the articular disc (e.g., Anterior Disc Displacement without Reduction) and the presence of joint effusion or bone marrow edema.
3.  **Management:** Conservative management is typically the first line of defense, focusing on reducing joint loading, pharmacotherapy (NSAIDs), and physical therapy.

***

*Report generated by Senior Oral and Maxillofacial Radiologist*",5,5,4,5,,4
62.png,"Based on the provided sagittal CBCT image of the Temporomandibular Joint (TMJ), here is a structured radiological report following the principles of the Diagnostic Criteria for Temporomandibular Disorders (DC/TMD).

***

**PATIENT ID:** [Not Provided]
**DATE OF STUDY:** [Not Provided]
**IMAGING MODALITY:** Cone Beam Computed Tomography (CBCT) - Sagittal Reconstruction
**REGION OF INTEREST:** Temporomandibular Joint (Side unspecified, presumed Right based on orientation, but requires clinical correlation)

### **RADIOGRAPHIC FINDINGS**

**1. Condylar Morphology:**
*   **Shape:** The mandibular condyle exhibits significant alteration from the normal rounded or convex morphology.
*   **Cortical Integrity:** There is a distinct loss of cortical continuity on the anterior-superior aspect of the condylar head.
*   **Osseous Changes:**
    *   **Erosion:** A pronounced lytic defect (erosion) is visible on the anterior slope of the condyle, characterized by a ""scooped-out"" appearance and loss of the cortical plate.
    *   **Osteophyte Formation:** A prominent, beak-like bony projection (osteophyte) is noted at the anterior aspect of the condyle.
    *   **Flattening:** The superior surface of the condyle appears flattened rather than convex.
    *   **Sclerosis:** There is generalized subchondral sclerosis (increased radiopacity) within the condylar head, suggesting reactive bone formation.

**2. Glenoid Fossa and Articular Eminence:**
*   The articular eminence appears relatively intact with normal cortical definition.
*   The glenoid fossa shows mild flattening but no gross erosive changes are immediately evident in this single slice.
*   Pneumatization of the articular eminence/temporal bone is noted superiorly (mastoid air cells/zygomatic air cells), which is an anatomical variant but relevant for surgical planning.

**3. Joint Space:**
*   The joint space appears reduced, particularly in the anterior and superior compartments, though assessment of joint space is limited without coronal views and confirmed centric occlusion positioning.

### **DIAGNOSTIC IMPRESSION (Based on DC/TMD Criteria)**

**Primary Diagnosis:** **Degenerative Joint Disease (DJD) / Osteoarthritis**

**Rationale according to DC/TMD Imaging Criteria:**
The diagnosis of Degenerative Joint Disease is confirmed by the presence of at least one of the following osseous changes on CT/CBCT:
1.  **Subchondral cyst:** (Not clearly visualized in this slice).
2.  **Erosion:** **Present.** (Clear loss of cortex on the anterior slope).
3.  **Generalized Sclerosis:** **Present.**
4.  **Osteophyte:** **Present.** (Anterior beaking).

*Note: While flattening is present, flattening alone is considered an indeterminate finding for DJD; however, in conjunction with erosion and osteophyte formation, it supports the diagnosis of active or late-stage degenerative change.*

### **RECOMMENDATIONS**

1.  **Clinical Correlation:** Correlate with clinical findings, specifically crepitus (grating sounds) during function, which is the hallmark clinical sign of DJD. Assess for pain and limitation in range of motion.
2.  **Comprehensive Review:** Review the full CBCT volume (axial and coronal views) to assess the medial and lateral poles of the condyle, as erosions are often more severe in these dimensions.
3.  **Soft Tissue Imaging:** If internal derangement (disc displacement) is suspected as the etiology for these osseous changes, MRI is the gold standard for evaluating disc position and morphology, as the disc is not visible on CBCT.
4.  **Management:** Conservative management is typically indicated initially, focusing on unloading the joint and reducing inflammation.

***

**Reported by:**
[Your Name/AI Assistant]
Senior Oral and Maxillofacial Radiology Consultant",5,4,5,4,,4
63.png,"Based on the provided sagittal CBCT image of the temporomandibular joint (TMJ), here is a structured radiological report following the principles of the Diagnostic Criteria for Temporomandibular Disorders (DC/TMD).

***

# CBCT RADIOLOGICAL REPORT: TEMPOROMANDIBULAR JOINT

**PATIENT ID:** [Not Provided]
**DATE OF STUDY:** [Not Provided]
**REGION OF INTEREST:** Temporomandibular Joint (Sagittal View)

## CLINICAL INDICATION
[To be completed by referring clinician - e.g., TMJ pain, crepitus, limited opening]

## RADIOGRAPHIC FINDINGS

**1. Condylar Morphology:**
*   **Shape:** The mandibular condyle exhibits a significant alteration in normal morphology. It has lost its typical convex, rounded superior contour.
*   **Cortical Integrity:** There is a distinct loss of cortical continuity on the anterior-superior aspect of the condylar head.
*   **Erosive Changes:** A pronounced, crater-like defect (erosion) is visible on the superior surface of the condyle. The subchondral bone appears exposed and irregular.
*   **Sclerosis:** There is evidence of subchondral sclerosis (increased radiopacity) immediately adjacent to the erosive defect, indicating a reactive bone process.
*   **Osteophytes:** A small, beak-like bony projection (osteophyte) is noted at the anterior aspect of the condyle, suggestive of marginal bone proliferation.

**2. Glenoid Fossa and Articular Eminence:**
*   The articular eminence appears relatively flattened, though cortical integrity seems largely maintained in this specific slice.
*   The glenoid fossa shows mild sclerosis but no gross erosive changes are immediately evident in this view.

**3. Joint Space:**
*   There is a generalized reduction in the superior joint space. The condyle appears superiorly positioned within the fossa, suggesting a loss of articular disc vertical height or disc displacement (though soft tissue is not directly visualized on CBCT).

## DIAGNOSTIC IMPRESSION (Based on DC/TMD Criteria)

**Primary Diagnosis:** **Degenerative Joint Disease (DJD) / Osteoarthritis**

**Radiographic Evidence Supporting Diagnosis:**
According to the DC/TMD imaging criteria for Degenerative Joint Disease, the diagnosis is confirmed by the presence of at least one of the following: subchondral cyst, erosion, generalized sclerosis, or osteophyte.

This scan demonstrates multiple positive criteria:
1.  **Erosion:** Clear interruption of the articular cortex with a crater-like defect on the superior condyle.
2.  **Osteophyte:** Anterior marginal bony proliferation.
3.  **Sclerosis:** Increased density of the subchondral bone.

## RECOMMENDATIONS
1.  **Clinical Correlation:** Correlate findings with clinical symptoms (crepitus, pain, range of motion).
2.  **MRI Evaluation:** If internal derangement (disc displacement) needs to be confirmed or if there is suspicion of inflammatory activity (joint effusion/marrow edema) that is refractory to conservative treatment, an MRI may be indicated.
3.  **Management:** Conservative management for TMJ osteoarthritis is typically the first line of defense, focusing on symptom reduction and preservation of function.

***

**Reported by:**
[Your Name/AI Assistant]
Senior Oral and Maxillofacial Radiologist",5,4,5,4,,5
64.png,"Based on the provided sagittal CBCT image of the Temporomandibular Joint (TMJ), here is a structured radiological report following the principles of the Diagnostic Criteria for Temporomandibular Disorders (DC/TMD).

***

**PATIENT ID:** [Not Provided]
**DATE OF STUDY:** [Not Provided]
**IMAGING MODALITY:** Cone Beam Computed Tomography (CBCT)
**REGION OF INTEREST:** Temporomandibular Joint (Sagittal View)

### **RADIOGRAPHIC FINDINGS**

**1. Condylar Morphology:**
*   **Shape:** The condylar head exhibits significant alteration from the normal convex morphology. There is a distinct flattening of the anterior-superior aspect of the condyle.
*   **Cortical Integrity:** The cortical bone on the anterior surface appears irregular and eroded. There is a loss of the continuous, smooth radiopaque cortical boundary.
*   **Subchondral Bone:** There is evidence of subchondral sclerosis (increased radiopacity) immediately beneath the flattened articular surface. A small, radiolucent area suggestive of a subchondral cyst (Ely's cyst) is visible within the anterior aspect of the condylar head.
*   **Osteophytes:** A prominent osteophyte (bony spur) is noted at the anterior aspect of the condyle, creating a ""bird-beak"" appearance.

**2. Glenoid Fossa and Articular Eminence:**
*   The articular eminence appears relatively flattened, though cortical integrity seems largely maintained in this specific slice.
*   The glenoid fossa shows mild sclerosis but no gross erosive changes in this view.

**3. Joint Space:**
*   There is a generalized reduction in the superior and anterior joint space, suggesting a loss of articular cartilage or disc displacement/thinning (though soft tissue is not directly visualized on CBCT).

### **DIAGNOSTIC IMPRESSION (Based on DC/TMD Criteria)**

**Primary Diagnosis:** **Degenerative Joint Disease (DJD) / Osteoarthritis**

**Rationale according to DC/TMD Imaging Criteria:**
The diagnosis of Degenerative Joint Disease is confirmed by the presence of at least one of the following radiographic signs, all of which are present in this image:
1.  **Subchondral Cyst:** Present in the anterior condylar head.
2.  **Erosion:** Loss of cortical continuity on the anterior slope.
3.  **Generalized Sclerosis:** Present in the subchondral bone.
4.  **Osteophyte:** Distinct anterior osteophyte formation.

### **RECOMMENDATIONS**

1.  **Clinical Correlation:** Correlate findings with clinical symptoms such as crepitus (grating sound), joint pain, and limitation of mouth opening.
2.  **Soft Tissue Imaging:** If internal derangement (disc displacement) needs to be fully characterized or if symptoms persist despite conservative therapy, MRI is the gold standard for soft tissue evaluation.
3.  **Management:** Conservative management is typically indicated initially, focusing on reducing joint loading, physical therapy, and pharmacotherapy as clinically appropriate.

***

**Reported by:**
*Senior Oral and Maxillofacial Radiologist*",4,5,4,4,,4
71.png,"Based on the provided sagittal CBCT image, here is a structured radiological report following the principles of the Diagnostic Criteria for Temporomandibular Disorders (DC/TMD).

***

**PATIENT ID:** [Not Provided]
**DATE OF STUDY:** [Not Provided]
**IMAGING MODALITY:** Cone Beam Computed Tomography (CBCT)
**REGION OF INTEREST:** Temporomandibular Joint (Sagittal View)

### **RADIOGRAPHIC FINDINGS**

**1. Condylar Morphology:**
*   **Shape:** The mandibular condyle exhibits a distinct alteration in morphology. The superior surface is flattened rather than convex.
*   **Cortical Integrity:** There is a loss of continuity of the cortical bone on the anterior-superior aspect of the condylar head.
*   **Bone Structure:** An osteophyte (bone spur) is clearly visible projecting from the anterior aspect of the condyle (beaking). There is evidence of subchondral sclerosis (thickening of the cortical bone) on the superior surface. No obvious subchondral cysts are noted in this single slice.

**2. Articular Fossa and Eminence:**
*   **Morphology:** The articular eminence appears relatively normal in inclination.
*   **Cortical Integrity:** The cortical lining of the glenoid fossa and articular eminence appears generally intact, though there is mild flattening of the posterior slope of the eminence corresponding to the condylar changes.

**3. Joint Space:**
*   **Dimensions:** The joint space appears significantly reduced, particularly in the superior and anterior aspects, suggesting a loss of articular cartilage or disc displacement (though soft tissue disc position cannot be definitively diagnosed on CBCT without MRI).

**4. Functional Position:**
*   The condyle appears to be in a closed-mouth position, seated within the fossa but positioned slightly anteriorly due to the osteophytic change.

### **DIAGNOSTIC IMPRESSION (Based on DC/TMD Criteria)**

**Primary Diagnosis:** **Degenerative Joint Disease (DJD) / Osteoarthritis**

**Radiographic Evidence Supporting Diagnosis:**
According to the DC/TMD Axis I (Physical) criteria for Degenerative Joint Disease, the diagnosis is confirmed by the presence of at least one of the following osseous changes on CT/CBCT:
1.  **Osteophyte:** Present (anterior aspect of the condyle).
2.  **Erosion:** Present (loss of cortical continuity on the anterior-superior surface).
3.  **Sclerosis:** Present (subchondral sclerosis of the superior condyle).
4.  **Flattening:** Present (flattening of the superior condylar head).

*Note: While flattening and sclerosis alone are often considered indeterminate for active disease versus remodeling, the presence of the osteophyte and cortical erosion strongly supports a diagnosis of Degenerative Joint Disease.*

### **RECOMMENDATIONS**

1.  **Clinical Correlation:** Correlate findings with clinical symptoms such as crepitus (grating/crunching sounds), joint pain, and limitation of movement.
2.  **Management:** Conservative management is typically the first line of defense (occlusal splint therapy, physical therapy, NSAIDs).
3.  **Further Imaging:** If soft tissue evaluation (disc position/perforation) is required for surgical planning or if symptoms are refractory to treatment, Magnetic Resonance Imaging (MRI) is recommended.

***

**Reported by:**
[Your Name/Signature]
Senior Oral and Maxillofacial Radiologist",5,4,5,5,,4
78.png,"Based on the provided sagittal CBCT image of the Temporomandibular Joint (TMJ), here is a structured radiological report following the principles of the Diagnostic Criteria for Temporomandibular Disorders (DC/TMD).

***

# **CBCT RADIOLOGICAL REPORT: TEMPOROMANDIBULAR JOINT**

**PATIENT ID:** [Not Provided]
**DATE OF STUDY:** [Not Provided]
**REGION OF INTEREST:** Temporomandibular Joint (Sagittal View)

### **1. QUALITY ASSESSMENT**
*   **Image Quality:** Diagnostic. The sagittal slice provides clear visualization of the osseous structures of the condyle, glenoid fossa, and articular eminence. Trabecular pattern and cortical margins are distinct.

### **2. RADIOGRAPHIC FINDINGS**

**A. Mandibular Condyle:**
*   **Morphology:** The condylar head exhibits a relatively normal rounded to slightly flattened superior morphology.
*   **Cortical Integrity:** The cortical bone outlining the condylar head appears intact and continuous. There is no evidence of cortical erosion, destruction, or interruption.
*   **Subchondral Bone:**
    *   **Sclerosis:** There is no significant generalized sclerosis. However, there is a subtle, localized area of increased radiopacity (sclerosis) noted on the anterior-superior aspect of the condyle.
    *   **Cysts/Geodes:** No subchondral cysts or pseudocysts are visualized.
*   **Osteophytes:** A small, beak-like bony projection is noted at the anterior aspect of the condylar head. This is consistent with an **anterior osteophyte**.

**B. Temporal Component (Glenoid Fossa and Articular Eminence):**
*   **Glenoid Fossa:** The fossa is well-defined with smooth cortical margins. No sclerosis or erosion is evident.
*   **Articular Eminence:** The posterior slope of the articular eminence appears smooth and intact. The slope inclination appears within normal limits. No flattening or erosion is observed.

**C. Joint Space:**
*   **Superior Joint Space:** Appears preserved and relatively uniform.
*   **Anterior/Posterior Joint Space:** The condyle appears somewhat concentrically positioned within the fossa, though a full assessment of condylar position requires clinical correlation with occlusion (MIP).

### **3. DC/TMD DIAGNOSTIC IMPRESSION**

Based on the radiographic evidence presented in this single sagittal slice, the findings are consistent with:

**Degenerative Joint Disease (DJD)**
*   **Radiographic Criteria Met:** The presence of an **anterior osteophyte** on the condylar head is a definitive sign of degenerative change according to DC/TMD imaging criteria.
*   **Sub-classification:** **Osteoarthrosis** (assuming the absence of clinical signs of acute inflammation/pain, which cannot be determined by imaging alone). If clinical pain is present, the diagnosis would be *Osteoarthritis*.

### **4. SUMMARY & RECOMMENDATIONS**

*   **Summary:** Evidence of mild degenerative changes affecting the mandibular condyle, characterized specifically by anterior osteophyte formation and subtle anterior subchondral sclerosis. The temporal component appears radiographically normal.
*   **Recommendations:**
    *   Clinical correlation is required to distinguish between Osteoarthrosis (non-inflammatory) and Osteoarthritis (inflammatory).
    *   Comparison with the contralateral side is recommended.
    *   Follow-up imaging may be indicated if clinical symptoms worsen to monitor progression of osseous changes.

***

**Reported by:**
[Your Name/Signature]
Senior Oral and Maxillofacial Radiologist",2,3,3,2,,3
84.png,"Based on the provided sagittal CBCT image, here is a structured radiological report following the principles of the Diagnostic Criteria for Temporomandibular Disorders (DC/TMD).

***

**PATIENT ID:** [Not Provided]
**DATE OF STUDY:** [Not Provided]
**IMAGING MODALITY:** Cone Beam Computed Tomography (CBCT)
**REGION OF INTEREST:** Temporomandibular Joint (Sagittal View)

### **RADIOGRAPHIC FINDINGS**

**1. Condylar Morphology:**
*   **Shape:** The mandibular condyle exhibits a relatively normal convex superior contour. There is no evidence of gross flattening or deformity.
*   **Cortical Integrity:** The cortical bone outlining the condylar head appears intact and continuous. There is no radiographic evidence of erosions (loss of continuity of the articular cortex) or osteophytes (marginal bony outgrowths).
*   **Subchondral Bone:** The trabecular pattern within the condylar head appears normal. There is no evidence of subchondral sclerosis (thickening of the cortical plate) or subchondral cysts (cavities below the articular surface).

**2. Articular Fossa and Eminence:**
*   **Morphology:** The articular eminence displays a smooth, sigmoid curvature. The slope appears within normal anatomical limits.
*   **Cortical Integrity:** The cortical lining of the glenoid fossa and the posterior slope of the articular eminence is continuous and well-defined. No sclerosis or erosive changes are noted.

**3. Joint Space:**
*   **Dimensions:** The joint space is visible and continuous.
*   **Position:** The condyle appears to be concentrically positioned within the glenoid fossa, though a slight posterior positioning could be argued depending on the exact slice location. The superior, anterior, and posterior joint spaces are patent. There is no evidence of bony ankylosis or direct bone-to-bone contact.

**4. Incidental Findings:**
*   Portions of the mastoid air cells are visible posterior to the joint and appear clear and well-pneumatized in this section.

### **DIAGNOSTIC IMPRESSION (Based on DC/TMD Criteria)**

**Right/Left TMJ (Side unspecified):**

*   **Negative for Degenerative Joint Disease (DJD):** The imaging features do not meet the DC/TMD imaging criteria for Degenerative Joint Disease. Specifically, there is an absence of subchondral cysts, erosions, generalized sclerosis, or osteophytes.
*   **Normal Osseous Morphology:** The osseous components of the TMJ (condyle and fossa/eminence) appear structurally indeterminate for pathology based on this single slice, but present as **unremarkable** for degenerative changes.

### **RECOMMENDATIONS**

*   Clinical correlation is required to assess for soft tissue pathology (e.g., disc displacement), which cannot be visualized on CBCT.
*   If clinical symptoms of internal derangement persist (clicking, locking, pain), MRI is the gold standard for evaluation of the articular disc and soft tissues.

***

**Electronically Signed by:**
*Senior Oral and Maxillofacial Radiologist*",2,3,3,2,,2
85.png,"Based on the provided sagittal CBCT image, here is a structured radiological report following the principles of the Diagnostic Criteria for Temporomandibular Disorders (DC/TMD).

***

**PATIENT ID:** [Not Provided]
**DATE OF STUDY:** [Not Provided]
**IMAGING MODALITY:** Cone Beam Computed Tomography (CBCT)
**REGION OF INTEREST:** Temporomandibular Joint (Sagittal View)

### **RADIOGRAPHIC FINDINGS**

**1. Condylar Morphology:**
*   **Shape:** The mandibular condyle exhibits a significant alteration in morphology. It has lost its typical rounded or convex superior contour.
*   **Cortical Integrity:** There is a distinct discontinuity and irregularity of the cortical bone on the anterior aspect of the condylar head.
*   **Osteophyte Formation:** A prominent, beak-like bony projection (osteophyte) is visible on the anterior surface of the condyle. This is a classic sign of marginal bone proliferation associated with joint loading and remodeling.
*   **Erosions:** There is evidence of surface erosion, particularly on the superior-anterior aspect, characterized by a loss of cortical continuity.
*   **Subchondral Bone:** The subchondral trabecular pattern appears somewhat sclerotic in areas adjacent to the cortical irregularities, suggesting reactive bone formation.

**2. Glenoid Fossa and Articular Eminence:**
*   The articular eminence appears relatively flattened, though the cortical boundary remains largely intact.
*   The glenoid fossa shows no gross evidence of sclerosis or deep erosion in this specific slice.

**3. Joint Space:**
*   **Superior Joint Space:** The joint space appears significantly narrowed superiorly, suggesting a loss of articular cartilage or disc displacement/thinning.
*   **Anterior/Posterior Joint Space:** The condyle is positioned somewhat concentrically to slightly posteriorly within the fossa, though full positional assessment requires corrected sagittal views in maximum intercuspation.

**4. Functional Status (Inferred):**
*   While this is a static image, the presence of the anterior osteophyte is strongly suggestive of chronic instability or degenerative changes often associated with anterior disc displacement.

### **DIAGNOSTIC IMPRESSION (Based on DC/TMD Criteria)**

**Primary Diagnosis:** **Degenerative Joint Disease (DJD) / Osteoarthritis**

**Radiographic Evidence Supporting Diagnosis:**
According to the DC/TMD imaging criteria for Degenerative Joint Disease, the diagnosis is confirmed by the presence of at least one of the following: subchondral cyst, erosion, generalized sclerosis, or osteophyte.

This image specifically demonstrates:
1.  **Osteophyte:** Clear anterior marginal bone proliferation (lipping/beaking).
2.  **Erosion:** Loss of cortical continuity on the articular surface.
3.  **Flattening:** Deformation of the condylar head (though flattening alone is considered indeterminate for DJD, in conjunction with the above, it supports the diagnosis).

### **RECOMMENDATIONS**

1.  **Clinical Correlation:** Correlate findings with clinical symptoms such as crepitus (grating/grinding noises), joint pain, and limitation in range of motion.
2.  **MRI Assessment (Optional):** If the patient is symptomatic and conservative management fails, an MRI may be indicated to evaluate the status of the articular disc (position, morphology, and reduction status) and the presence of joint effusion or marrow edema.
3.  **Management:** Conservative management is typically the first line of defense, including occlusal appliance therapy, physical therapy, and pharmacologic management for inflammation.

***

**Reported by:**
[Your Name/AI Assistant]
*Senior Expert, Oral and Maxillofacial Radiology*",5,4,5,5,,4
86.png,"Based on the provided sagittal CBCT image, here is a structured radiological report following the principles of the **Diagnostic Criteria for Temporomandibular Disorders (DC/TMD)**.

***

### **CBCT RADIOLOGICAL REPORT: TEMPOROMANDIBULAR JOINT**

**Patient ID:** [Not Provided]
**Date of Scan:** [Not Provided]
**Region of Interest:** Temporomandibular Joint (Sagittal View)

#### **1. IMAGING FINDINGS**

**A. Condylar Morphology & Cortical Integrity:**
*   **Shape:** The mandibular condyle exhibits a significant alteration in morphology. The superior surface is flattened rather than convex.
*   **Cortical Bone:** There is a distinct loss of cortical continuity on the anterior-superior aspect of the condylar head. This presents as an erosion (a focal area of decreased density and loss of the cortical outline).
*   **Osteophytes:** A prominent osteophyte (bony spur) is visible on the anterior aspect of the condyle, creating a ""beaked"" or ""lipped"" appearance.
*   **Subchondral Bone:** There is evidence of subchondral sclerosis (increased radiopacity) beneath the superior articular surface, indicating reactive bone formation. No subchondral cysts (Ely’s cysts) are clearly visualized in this single slice.

**B. Glenoid Fossa and Articular Eminence:**
*   The articular eminence appears relatively intact with normal cortical definition in this view.
*   The glenoid fossa shows no obvious signs of sclerosis or erosion in this specific slice.

**C. Joint Space:**
*   The joint space appears reduced, particularly in the superior and anterior aspects, suggesting a loss of articular cartilage or disc displacement/thinning (though soft tissue is not diagnostic on CBCT).

#### **2. DC/TMD RADIOGRAPHIC DIAGNOSTIC CRITERIA ASSESSMENT**

According to the DC/TMD Axis I (Physical Diagnosis) criteria for Degenerative Joint Disease (DJD), a diagnosis is positive if **at least one** of the following osseous changes is present on CT/CBCT:
1.  **Subchondral cyst**
2.  **Erosion**
3.  **Generalized sclerosis**
4.  **Osteophyte**

**Findings in this case:**
*   **Erosion:** Present (Anterior-superior surface).
*   **Osteophyte:** Present (Anterior lipping).
*   **Sclerosis:** Present (Superior subchondral bone).

#### **3. IMPRESSION**

**Degenerative Joint Disease (DJD) / Osteoarthritis**

*   **Radiographic Evidence:** The image demonstrates classic, advanced signs of degenerative joint disease, characterized by anterior osteophyte formation (beaking), flattening of the condylar head, subchondral sclerosis, and cortical erosion.
*   **Severity:** Moderate to Severe based on the extent of morphological change and active erosive components.

#### **4. RECOMMENDATIONS**

1.  **Clinical Correlation:** Correlate radiographic findings with clinical symptoms (crepitus, pain, limited range of motion) to confirm the diagnosis of active Osteoarthritis vs. Osteoarthrosis (stable/burn-out phase).
2.  **Soft Tissue Imaging:** If internal derangement (disc displacement) is suspected as the etiology and conservative management fails, MRI may be indicated to evaluate the position and morphology of the articular disc.
3.  **Management:** Conservative management (occlusal splint therapy, physical therapy, pharmacotherapy) is typically the first line of treatment to reduce load and inflammation.

***

**Reported by:**
*Senior Expert, Oral and Maxillofacial Radiology*",4,4,4,5,,4
87.png,"Based on the provided sagittal CBCT image of the temporomandibular joint (TMJ), here is a structured radiological report following the principles of the Diagnostic Criteria for Temporomandibular Disorders (DC/TMD).

***

**PATIENT ID:** [Not Provided]
**DATE OF STUDY:** [Not Provided]
**IMAGING MODALITY:** Cone Beam Computed Tomography (CBCT)
**REGION OF INTEREST:** Temporomandibular Joint (Sagittal View)

### **RADIOGRAPHIC FINDINGS**

**1. Condylar Morphology & Cortical Integrity:**
*   **Shape:** The mandibular condyle exhibits a relatively normal anteroposterior dimension but shows subtle flattening of the anterior slope.
*   **Cortical Bone:** The cortical outline of the condylar head appears largely intact. There is no definitive evidence of gross erosions (loss of continuity of the articular cortex) or osteophytes (marginal bony outgrowths) in this specific slice.
*   **Subchondral Bone:** There is no obvious subchondral sclerosis (thickening of the cortical plate) or subchondral cyst formation visible in this section. The trabecular pattern within the condylar head appears within normal limits.

**2. Glenoid Fossa and Articular Eminence:**
*   The articular eminence shows a smooth cortical outline with normal inclination.
*   The glenoid fossa appears deep with well-defined cortical margins.
*   No sclerosis or erosive changes are noted on the temporal component of the joint.

**3. Joint Space:**
*   **Superior Joint Space:** Appears preserved and relatively uniform.
*   **Anterior Joint Space:** Appears slightly reduced, suggesting a somewhat anterior positioning of the condyle within the fossa in this closed-mouth position (assuming the scan was taken in maximum intercuspation).
*   **Posterior Joint Space:** Appears widened relative to the anterior space.

**4. Incidental Findings:**
*   The mastoid air cells (visible posteriorly) appear clear and well-pneumatized.

### **DIAGNOSTIC IMPRESSION (Based on DC/TMD Criteria)**

**Primary Diagnosis:**
*   **Indeterminate for Degenerative Joint Disease (DJD):** While the condyle shows mild flattening, it lacks the definitive radiographic signs required for a conclusive diagnosis of DJD according to DC/TMD imaging criteria (which requires the presence of erosion, osteophyte, or subchondral cyst). The flattening alone is often considered an adaptive or remodeling change rather than active degeneration.

**Functional Status (Inferred):**
*   **Condylar Position:** The condyle is positioned slightly anteriorly within the glenoid fossa. This non-concentric position can be a variation of normal or indicative of disc displacement, though soft tissue (disc) status cannot be confirmed on CBCT.

### **RECOMMENDATIONS**

1.  **Clinical Correlation:** Correlate these radiographic findings with clinical signs (crepitus, clicking) and symptoms (pain). According to DC/TMD, a diagnosis of DJD requires both radiographic evidence *and* clinical symptoms (crepitus).
2.  **Soft Tissue Imaging:** If internal derangement (disc displacement) is suspected based on clinical exam (e.g., clicking, locking), MRI is the gold standard for evaluation, as the articular disc is not visible on CBCT.
3.  **Follow-up:** No immediate radiographic follow-up is required unless symptoms worsen.

***

**Reported by:**
[Your Name/AI Assistant]
*Senior Oral and Maxillofacial Radiology Consultant*",3,3,3,3,,2
89.png,"Based on the provided sagittal CBCT image of the Temporomandibular Joint (TMJ), here is a structured radiological report following the principles of the Diagnostic Criteria for Temporomandibular Disorders (DC/TMD).

***

**PATIENT ID:** [Not Provided]
**DATE OF STUDY:** [Not Provided]
**IMAGING MODALITY:** Cone Beam Computed Tomography (CBCT)
**REGION OF INTEREST:** Temporomandibular Joint (Sagittal View)

### **RADIOGRAPHIC FINDINGS**

**1. Condylar Morphology & Cortical Integrity:**
*   **Shape:** The mandibular condyle exhibits a relatively normal anteroposterior dimension and general morphology.
*   **Cortical Bone:** The cortical outline of the condylar head appears intact and continuous. There is no radiographic evidence of erosions (loss of continuity), osteophytes (marginal bony outgrowths), or subchondral cysts (cavities below the articular surface).
*   **Trabecular Pattern:** The internal trabecular bone pattern appears within normal limits, with no signs of sclerosis (generalized increased density).

**2. Glenoid Fossa and Articular Eminence:**
*   **Fossa:** The glenoid fossa is well-defined with a smooth cortical margin. There is no evidence of sclerosis or resorption.
*   **Eminence:** The articular eminence displays a normal slope and smooth cortical outline. No flattening or osteophytic changes are observed.

**3. Joint Space:**
*   **Superior Joint Space:** The joint space appears preserved and relatively uniform.
*   **Anterior/Posterior Joint Space:** The condyle is centrally located within the fossa (concentric position). There is no significant narrowing of the joint space that would suggest osseous impingement or severe disc displacement without reduction (though soft tissue disc position cannot be confirmed on CBCT).

**4. Functional Position (Inferred):**
*   The image appears to be taken in the **closed-mouth (maximum intercuspation)** position, given the concentric location of the condyle within the glenoid fossa.

### **DIAGNOSTIC IMPRESSION (Based on DC/TMD Criteria)**

**Osseous Diagnosis:**
*   **Indeterminate for Degenerative Joint Disease (DJD):** Based strictly on this single sagittal slice, the osseous structures of the TMJ appear **normal**.
    *   *Negative for:* Erosion, Osteophyte, Generalized Sclerosis, or Subchondral Cyst.

**Incidental Findings:**
*   None noted within the field of view.

### **CONCLUSION**

**Radiographically Normal Temporomandibular Joint (Osseous Structures)**

*   There are no signs of degenerative joint disease (osteoarthrosis/osteoarthritis) visible on this section.
*   The condyle is concentrically positioned within the fossa.

***

**Note:** *CBCT provides excellent visualization of hard tissues (bone). However, it does not visualize soft tissues such as the articular disc or retrodiscal tissues. If internal derangement (disc displacement) is suspected clinically, Magnetic Resonance Imaging (MRI) is the gold standard for evaluation.*",3,3,3,3,,3
90.png,"Based on the provided sagittal CBCT image, here is a structured radiological report following the principles of the Diagnostic Criteria for Temporomandibular Disorders (DC/TMD).

***

**PATIENT ID:** [Not Provided]
**DATE OF STUDY:** [Not Provided]
**IMAGING MODALITY:** Cone Beam Computed Tomography (CBCT)
**REGION OF INTEREST:** Temporomandibular Joint (Sagittal View)

### **RADIOGRAPHIC FINDINGS**

**1. Condylar Morphology:**
*   **Shape:** The mandibular condyle exhibits a relatively normal convex morphology. There is no evidence of flattening, osteophyte formation, or significant erosion on the superior or anterior surfaces visible in this slice.
*   **Cortical Integrity:** The cortical outline of the condyle appears continuous and intact. There is no clear evidence of subchondral cyst formation (Ely’s cysts) or sclerosis.
*   **Trabecular Pattern:** The internal trabecular bone pattern appears within normal limits for density and architecture.

**2. Glenoid Fossa and Articular Eminence:**
*   **Fossa:** The glenoid fossa is well-defined with a smooth cortical margin. No sclerosis or erosion is noted.
*   **Eminence:** The posterior slope of the articular eminence appears smooth and maintains a normal inclination. There is no evidence of flattening or degenerative changes.

**3. Joint Space:**
*   **Superior Joint Space:** The joint space appears relatively uniform.
*   **Anterior/Posterior Joint Space:** The condyle appears to be centrally located within the fossa (concentric position) in this specific closed-mouth view (presumed, based on condylar position). There is no significant narrowing or widening suggestive of posterior or anterior displacement in this static image.

**4. Incidental Findings:**
*   The mastoid air cells visible superior-posterior to the joint appear well-pneumatized and clear of fluid or opacification.

### **DIAGNOSTIC IMPRESSION (Based on DC/TMD Imaging Criteria)**

**Right/Left TMJ (Side unspecified):**

*   **Osseous Structures:** **Normal Osseous TMJ.**
    *   *Rationale:* The image lacks the specific radiographic signs required for a diagnosis of Degenerative Joint Disease (DJD) according to DC/TMD criteria. Specifically, there is an absence of:
        *   Subchondral cysts
        *   Erosions
        *   Generalized sclerosis
        *   Osteophytes

**Note:** This evaluation is limited to the single sagittal slice provided. A complete DC/TMD diagnosis requires evaluation of the full volume (coronal and axial views) and clinical correlation to assess for disc displacement, which cannot be visualized on CBCT (soft tissue is not diagnostic on CBCT).

### **RECOMMENDATIONS**

1.  Clinical correlation with range of motion, joint sounds, and pain history is essential.
2.  If internal derangement (disc displacement) is suspected clinically, MRI is the gold standard for soft tissue evaluation.

***

**Reported by:**
Senior Oral and Maxillofacial Radiologist",2,3,3,3,,3
91.png,"Based on the provided sagittal CBCT image of the Temporomandibular Joint (TMJ), here is a structured radiological report following the principles of the Diagnostic Criteria for Temporomandibular Disorders (DC/TMD).

**Patient ID:** [Not Provided]
**Date of Scan:** [Not Provided]
**Region of Interest:** Temporomandibular Joint (Sagittal View)

---

### **CBCT RADIOLOGICAL REPORT**

#### **1. Image Quality and Orientation**
*   **View:** Sagittal slice of the TMJ complex.
*   **Quality:** Diagnostic quality is adequate for osseous assessment. The trabecular pattern and cortical margins are clearly visualized.

#### **2. Anatomical Findings**

**A. Mandibular Condyle:**
*   **Morphology:** The condylar head exhibits a relatively normal rounded to slightly flattened superior contour.
*   **Cortical Integrity:** The cortical bone outlining the condyle appears intact and continuous. There is no evidence of cortical erosion, osteophyte formation, or subchondral cysts.
*   **Trabecular Pattern:** The internal trabecular bone density appears within normal limits, with no signs of sclerosis or rarefaction.
*   **Position:** The condyle is positioned somewhat concentrically within the glenoid fossa, though potentially slightly anteriorly positioned depending on the exact centric relation (clinical correlation required).

**B. Temporal Component (Glenoid Fossa and Articular Eminence):**
*   **Glenoid Fossa:** The fossa is well-defined with a smooth cortical lining. No sclerosis or erosive changes are noted.
*   **Articular Eminence:** The posterior slope of the articular eminence appears smooth and intact. The slope inclination appears average (neither excessively steep nor flat). No flattening or osteophytic lipping is observed at the crest of the eminence.

**C. Joint Space:**
*   **Superior Joint Space:** Appears preserved and uniform.
*   **Anterior/Posterior Joint Spaces:** The joint spaces appear relatively balanced, suggesting no significant posterior or anterior displacement of the condyle in this static closed-mouth view (assuming this is maximum intercuspation).

#### **3. DC/TMD Diagnostic Assessment (Osseous)**

Based on the radiographic criteria for Degenerative Joint Disease (DJD) as defined by the DC/TMD:

*   **Erosion:** Negative (No loss of continuity of the articular cortex).
*   **Osteophyte:** Negative (No marginal bony outgrowths).
*   **Generalized Sclerosis:** Negative.
*   **Subchondral Cyst:** Negative.
*   **Flattening:** Negative/Equivocal (The superior surface is slightly flat, but likely represents normal anatomical variation or remodeling rather than active degeneration).

#### **4. Impression**

**Radiographic Impression:**
*   **Normal Osseous Morphology of the TMJ.**
*   No radiographic evidence of Degenerative Joint Disease (DJD) or Osteoarthritis based on this single sagittal slice.

#### **5. Recommendations**
*   **Clinical Correlation:** Correlate with clinical findings (pain, range of motion, joint sounds).
*   **Further Imaging:** If soft tissue pathology (e.g., disc displacement) is suspected clinically, MRI is the gold standard for evaluation, as CBCT does not visualize the articular disc.
*   **Full Volume Review:** This report is based on a single slice; a review of the full CBCT volume (including coronal and axial views) is necessary to rule out pathology not visible in this specific plane.

---
**Signed:**
*Senior Oral and Maxillofacial Radiologist*",2,3,3,3,,3
94.png,"Based on the provided sagittal CBCT image, here is a structured radiological report following the principles of the Diagnostic Criteria for Temporomandibular Disorders (DC/TMD).

***

**PATIENT ID:** [Not Provided]
**DATE OF STUDY:** [Not Provided]
**IMAGING MODALITY:** Cone Beam Computed Tomography (CBCT)
**REGION OF INTEREST:** Temporomandibular Joint (Sagittal View)

### **RADIOGRAPHIC FINDINGS**

**1. Condylar Morphology:**
*   **Shape:** The condylar head exhibits a loss of its normal smooth, convex contour. There is distinct flattening of the anterior-superior aspect of the condyle.
*   **Cortical Integrity:** The cortical bone on the superior surface appears irregular and eroded. There is a break in the continuity of the cortical plate, particularly at the anterior-superior pole.
*   **Subchondral Bone:** There are signs of sclerosis (increased radiopacity) within the subchondral bone immediately beneath the flattened articular surface. Small, radiolucent areas suggestive of subcortical cysts (Ely's cysts) are visible within the condylar head.
*   **Osteophytes:** A distinct osteophyte (bony spur) formation is noted at the anterior aspect of the condyle (beaking).

**2. Glenoid Fossa and Articular Eminence:**
*   The articular eminence appears relatively intact, though there is mild flattening of the posterior slope corresponding to the condylar changes.
*   The cortical definition of the fossa is maintained.

**3. Joint Space:**
*   There is a generalized reduction in the superior joint space. The condyle is positioned superiorly within the fossa, suggesting a loss of vertical dimension likely due to disc displacement or thinning/perforation.

### **DIAGNOSTIC IMPRESSION (Based on DC/TMD Criteria)**

**Primary Diagnosis:** **Degenerative Joint Disease (DJD) / Osteoarthritis**

**Rationale according to DC/TMD Imaging Criteria:**
The diagnosis of Degenerative Joint Disease is confirmed by the presence of at least one of the following radiographic signs, all of which are present in this image:
1.  **Subcortical Cyst:** Present.
2.  **Erosion:** Present (loss of cortical continuity).
3.  **Generalized Sclerosis:** Present.
4.  **Osteophyte:** Present (anterior lipping).

**Secondary Observations:**
*   **Flattening:** While flattening alone is considered an indeterminate sign for DJD under DC/TMD (often representing remodeling), in conjunction with the erosion and osteophytes, it supports the diagnosis of active or late-stage degenerative change.

### **RECOMMENDATIONS**

1.  **Clinical Correlation:** Correlate findings with clinical symptoms such as crepitus (grating sound), joint pain, and limitation of movement.
2.  **Soft Tissue Imaging:** If internal derangement (disc displacement) needs to be fully characterized or if symptoms persist despite conservative therapy, MRI is the gold standard to evaluate the position and morphology of the articular disc and the presence of joint effusion or marrow edema.
3.  **Management:** Conservative management is typically indicated initially, focusing on reducing joint loading and inflammation.

***

**Reported by:**
[Your Name/AI Assistant]
Senior Oral and Maxillofacial Radiologist",5,5,4,4,,4
97.png,"Based on the provided sagittal CBCT image, here is a structured radiological report following the principles of the Diagnostic Criteria for Temporomandibular Disorders (DC/TMD).

***

# **CBCT RADIOLOGICAL REPORT: TEMPOROMANDIBULAR JOINT**

**PATIENT ID:** [Not Provided]
**DATE OF STUDY:** [Not Provided]
**REGION OF INTEREST:** Temporomandibular Joint (Sagittal View)

### **1. CLINICAL INDICATION**
*Evaluation of osseous structures of the Temporomandibular Joint (TMJ).*

### **2. RADIOGRAPHIC FINDINGS**

**A. Condylar Morphology & Cortical Integrity:**
*   **Shape:** The mandibular condyle exhibits a significant alteration in morphology. It has lost its typical convex, rounded superior contour.
*   **Cortical Bone:** There is a distinct discontinuity and irregularity of the cortical bone on the anterior-superior aspect of the condylar head.
*   **Erosive Changes:** A focal area of radiolucency consistent with **erosion** is evident at the anterior-superior pole, characterized by a loss of cortical continuity and pitting of the articular surface.
*   **Osteophytes:** A prominent, sharp bony projection (**osteophyte**) is visible at the anterior aspect of the condyle, extending anteriorly. This ""lipping"" is a hallmark of marginal bone proliferation.
*   **Subchondral Bone:** There is evidence of subchondral sclerosis (thickening of the trabecular bone) immediately adjacent to the erosive area, indicating a reactive process.

**B. Articular Fossa and Eminence:**
*   The articular eminence appears relatively flattened, though cortical integrity seems largely maintained in this single slice.
*   The glenoid fossa appears shallow.

**C. Joint Space:**
*   There is a generalized reduction in the superior and anterior joint space, suggesting a loss of articular cartilage or disc displacement (though soft tissue is not directly visualized on CBCT).

### **3. DC/TMD DIAGNOSTIC IMPRESSION**

Based on the radiographic evidence of erosion, osteophyte formation, and sclerosis, the findings meet the DC/TMD imaging criteria for:

**Degenerative Joint Disease (DJD) / Osteoarthritis**

*   **Specific Criteria Met:**
    1.  **Erosion:** Loss of continuity of the articular cortex.
    2.  **Osteophyte:** Marginal bony proliferation on the condyle.
    3.  **Sclerosis:** Increased radiopacity of the subchondral bone.

### **4. RECOMMENDATIONS**
*   Clinical correlation with patient symptoms (crepitus, pain, limited range of motion) is essential to distinguish between active osteoarthritis and a stable, adapted osteoarthrosis.
*   MRI evaluation may be indicated if evaluation of the articular disc position and morphology or joint effusion is required for treatment planning.

***

**Reported by:**
*Senior Oral and Maxillofacial Radiologist*",5,4,4,4,,4
98.png,"Based on the provided sagittal CBCT image, here is a structured radiological report following the principles of the Diagnostic Criteria for Temporomandibular Disorders (DC/TMD).

***

**PATIENT ID:** [Not Provided]
**DATE OF STUDY:** [Not Provided]
**IMAGING MODALITY:** Cone Beam Computed Tomography (CBCT) - Sagittal Reconstruction
**REGION OF INTEREST:** Temporomandibular Joint (TMJ)

### **RADIOGRAPHIC FINDINGS**

**1. Condylar Morphology:**
*   **Shape:** The condylar head exhibits a significant alteration in normal morphology. It does not display the typical smooth, convex outline.
*   **Cortical Integrity:** There is a distinct loss of cortical continuity on the anterior-superior aspect of the condyle.
*   **Osseous Changes:**
    *   **Flattening:** There is pronounced flattening of the anterior slope of the condyle.
    *   **Osteophyte Formation:** A prominent osteophyte (beaking) is visible on the anterior aspect of the condylar head.
    *   **Erosion:** The irregularity on the superior surface suggests active or previous erosive changes, characterized by a loss of cortical density.
    *   **Sclerosis:** There is generalized subchondral sclerosis (increased radiopacity) within the condylar head, indicating reactive bone formation.

**2. Glenoid Fossa and Articular Eminence:**
*   **Morphology:** The articular eminence appears relatively flattened.
*   **Cortical Integrity:** The cortical bone of the fossa and eminence appears generally intact, though some mild sclerosis is noted along the posterior slope of the eminence.

**3. Joint Space:**
*   **Dimensions:** The joint space appears significantly narrowed, particularly in the superior and anterior aspects, suggesting a loss of articular disc vertical height or disc displacement (though soft tissue is not directly visualized on CBCT).
*   **Condylar Position:** The condyle appears somewhat retruded within the fossa, though this assessment is limited without a confirmed centric occlusion reference.

### **DIAGNOSTIC IMPRESSION (Based on DC/TMD Criteria)**

**Primary Diagnosis:** **Degenerative Joint Disease (DJD) / Osteoarthritis**

**Radiographic Evidence Supporting Diagnosis:**
According to the DC/TMD Axis I (Physical) criteria for Degenerative Joint Disease, the diagnosis is confirmed by the presence of subchondral cysts, erosion, generalized sclerosis, or osteophytes.

This specific image demonstrates the following positive radiographic signs of DJD:
1.  **Osteophyte:** Anterior lipping/beaking is clearly present.
2.  **Erosion:** Loss of cortical continuity on the superior surface.
3.  **Sclerosis:** Increased density of the subchondral bone.
4.  **Flattening:** Deformation of the articular surfaces.

### **RECOMMENDATIONS**

1.  **Clinical Correlation:** Correlate findings with clinical symptoms such as crepitus (grating/grinding sounds), joint pain, and limitation in range of motion.
2.  **Soft Tissue Imaging:** If internal derangement (disc displacement) is suspected as the etiology for the degenerative changes and conservative management fails, MRI may be indicated to evaluate the position and morphology of the articular disc.
3.  **Management:** Conservative management is typically the first line of defense, including occlusal appliance therapy, physical therapy, and pharmacologic management for inflammation.

***

**Reported by:**
[Your Name/AI Assistant]
Senior Oral and Maxillofacial Radiology Consultant",4,4,4,4,,4
